{"_runtime":3.305717835,"_step":11,"epoch":2,"step":600,"_wandb":{"runtime":3},"loss":0.05780959129333496,"_timestamp":1.7288269323807523e+09}