{"epoch":2,"step":600,"loss":0.048550643026828766,"_timestamp":1.7288270835677433e+09,"_runtime":3.694415253,"_step":11,"_wandb":{"runtime":3}}