{"_wandb":{"runtime":3},"_timestamp":1.7288960880779817e+09,"_runtime":3.246753159,"_step":11,"epoch":2,"step":600,"loss":0.1991880238056183}