{"_step":11,"epoch":2,"step":600,"loss":0.06204523518681526,"_timestamp":1.7289060139790928e+09,"_runtime":3.216765534,"_wandb":{"runtime":3}}