{"_wandb":{"runtime":3},"_runtime":3.258491357,"_step":11,"epoch":2,"step":600,"loss":0.09609076380729675,"_timestamp":1.728827178227936e+09}